OTU,LogMaxMean,Class,LDA,pValue
OTU279,2.70319,-,,
OTU452,2.51917,-,,
OTU60,3.39975,Disturbed,2.87665,0.044625
OTU4067,2.54574,-,,
OTU1385,2.5733,-,,
OTU140,3.03527,Disturbed,2.40347,0.00748
OTU69,3.13211,-,,
OTU933,2.58703,Natural,2.65299,0.000142299
OTU160,2.77647,-,,
OTU445,2.71541,-,,
OTU40960,2.80654,-,,
OTU10652,2.33175,-,,
OTU4176,2.51421,-,,
OTU36040,2.28621,-,,
OTU52,3.55448,Disturbed,2.89006,0.00540149
OTU31,3.9016,Natural,3.60012,9.12E-09
OTU5,3.92636,-,,
OTU2711,3.51761,Natural,3.20682,0.000106929
OTU2920,3.32507,-,,
OTU40351,2.48178,-,,
OTU2069,2.27007,-,,
OTU3897,2.86899,-,,
OTU456,2.6648,-,,
OTU64,2.99337,-,,
OTU23,3.40218,Natural,2.94705,0.0220935
OTU133,2.79212,-,,
OTU79,3.16141,-,,
OTU1234,2.51084,-,,
OTU14315,2.36846,-,,
OTU2929,2.66827,Natural,2.6171,0.00394381
OTU11,3.87059,Natural,3.30932,0.0209168
OTU98,2.63628,-,,
OTU40,3.04606,Disturbed,2.64543,0.000579061
OTU45564,2.35105,-,,
OTU1198,2.30499,-,,
OTU273,2.59768,-,,
OTU5488,3.17695,-,,
OTU307,2.5942,-,,
OTU1084,2.31892,-,,
OTU3960,2.83784,Natural,2.45698,0.000361333
OTU3463,2.42275,-,,
OTU144,2.77675,-,,
OTU411,2.59818,-,,
OTU35,3.30424,Disturbed,2.90922,2.17E-07
OTU224,2.59805,-,,
OTU423,2.93719,Natural,2.62865,0.0261821
OTU16650,2.60157,-,,
OTU32,3.20853,Natural,2.4609,0.00308024
OTU45142,3.07596,-,,
OTU3,4.1137,-,,
OTU252,2.98609,Natural,2.70687,7.59E-08
OTU254,2.77798,Natural,2.79924,0.000173827
OTU1223,2.64811,-,,
OTU1228,2.8652,-,,
OTU54,3.75796,Natural,3.14196,0.000483227
OTU1525,2.9822,Natural,2.59239,2.08E-09
OTU158,3.48222,Disturbed,3.0068,1.60E-10
OTU1027,2.42278,-,,
OTU30,3.57967,Disturbed,2.71201,0.00173534
OTU1108,2.42568,-,,
OTU1694,2.86098,-,,
OTU5093,3.46458,-,,
OTU4,4.23823,-,,
OTU41,3.64183,Natural,3.32643,1.10E-11
OTU55,3.37041,-,,
OTU24,3.47838,Disturbed,3.32239,6.49E-11
OTU54639,2.63416,-,,
OTU375,2.77838,-,,
OTU26,3.37269,-,,
OTU4060,2.87034,-,,
OTU528,2.67571,-,,
OTU24703,2.65215,-,,
OTU1357,2.5415,-,,
OTU10848,2.14459,-,,
OTU13578,2.28684,-,,
OTU579,2.70346,-,,
OTU141,3.33355,Disturbed,2.87875,0.00108245
OTU4561,2.97275,Disturbed,2.43493,0.0205043
OTU8,3.49478,Natural,2.57379,3.65E-05
OTU34,3.20261,Natural,2.62847,0.0151342
OTU1823,3.09638,Disturbed,2.14692,8.83E-08
OTU3805,2.71192,-,,
OTU119,2.72158,-,,
OTU2089,2.9268,-,,
OTU6,4.1616,Disturbed,3.62104,6.42E-09
OTU1,4.75406,Disturbed,4.53606,6.09E-10
OTU62,3.52912,Natural,3.18347,4.23E-06
OTU1407,2.39008,-,,
OTU14970,2.3329,-,,
OTU43745,2.32974,-,,
OTU43240,2.26345,-,,
OTU4389,2.13614,-,,
OTU655,2.57283,-,,
OTU7824,2.37972,-,,
OTU90,3.01623,-,,
OTU15892,2.33103,-,,
OTU7355,2.18109,-,,
OTU21,3.41256,Natural,2.93187,0.000120625
OTU1264,2.83038,-,,
OTU1619,2.9298,-,,
OTU2011,3.09913,Natural,2.46887,8.88E-05
OTU547,2.43676,-,,
OTU300,2.90663,-,,
OTU42,3.35503,Disturbed,2.96943,3.59E-06
OTU182,2.94206,-,,
OTU7,3.59521,-,,
OTU372,2.51008,-,,
OTU1290,2.15825,-,,
OTU2434,2.87768,-,,
OTU978,2.27835,-,,
OTU53000,2.14056,-,,
OTU5663,2.62117,-,,
OTU319,2.72797,-,,
OTU329,2.92558,-,,
OTU1771,2.95379,Disturbed,2.73714,1.24E-07
OTU9591,2.24385,-,,
OTU82,2.88508,-,,
OTU7202,2.35374,-,,
OTU517,2.81856,-,,
OTU278,2.79943,-,,
OTU49246,2.29249,-,,
OTU608,2.73742,-,,
OTU4354,2.34679,-,,
OTU390,2.90771,Natural,2.70121,0.00038205
OTU264,2.72099,Natural,2.69492,1.21E-07
OTU49976,2.18177,-,,
OTU2329,3.04823,Disturbed,2.08513,2.17E-06
OTU235,2.91939,-,,
OTU505,2.80434,Natural,2.6405,0.00195362
OTU662,2.75007,-,,
OTU95,3.09244,Natural,2.59215,0.00645693
OTU439,2.42231,-,,
OTU381,2.59244,Natural,2.73698,0.000704489
OTU46764,2.38464,-,,
OTU625,2.36359,-,,
OTU2291,2.25242,-,,
OTU476,2.52498,-,,
OTU5859,2.26213,-,,
OTU4154,2.40436,-,,
OTU1142,2.5364,-,,
OTU1389,2.72959,Natural,2.35089,1.33E-05
OTU175,2.96034,Disturbed,2.80472,0.00384512
OTU1518,2.38595,-,,
OTU1099,2.29319,-,,
OTU7276,2.31903,-,,
OTU652,2.20819,-,,
OTU2236,2.50635,-,,
OTU859,2.4401,-,,
OTU213,2.65012,Natural,2.41891,0.000964666
OTU1362,2.09039,-,,
OTU335,2.6751,-,,
OTU1216,2.57276,-,,
OTU113,2.8797,-,,
OTU525,2.52974,-,,
OTU1853,2.08273,-,,
OTU4839,2.54468,-,,
OTU945,2.85069,Natural,2.56939,0.00164383
OTU1227,2.4763,-,,
OTU740,2.64354,-,,
OTU1191,2.38214,-,,
OTU57146,3.07162,Natural,3.09139,0.000124075
OTU104,3.03382,Natural,2.5654,0.00329871
OTU145,2.83621,-,,
OTU586,2.73577,-,,
OTU24837,2.11637,-,,
OTU3995,2.28287,-,,
OTU1675,2.71061,-,,
OTU904,2.90534,Natural,2.4627,0.00123312
OTU80,3.09125,Natural,2.38213,9.62E-05
OTU942,2.64878,-,,
OTU58458,2.04072,-,,
OTU36916,2.26477,-,,
OTU2383,2.40561,-,,
OTU1945,2.6253,Disturbed,2.71354,0.0233749
OTU187,2.44083,-,,
OTU353,2.07466,-,,
OTU75,3.09952,Natural,2.09705,0.0062528
OTU39,3.33974,-,,
OTU1528,2.75244,-,,
OTU81,3.12739,Natural,2.22922,0.0212028
OTU438,2.84626,Natural,2.33252,0.000535209
OTU16688,2.13274,-,,
OTU87,2.5692,-,,
OTU137,2.92153,-,,
OTU172,3.43035,Natural,3.02092,2.57E-08
OTU57,3.24144,Disturbed,2.89739,4.58E-07
OTU22731,2.18056,-,,
OTU714,2.85916,Natural,2.48721,1.31E-05
OTU10,3.80428,-,,
OTU25,3.5234,-,,
OTU20756,3.11633,Natural,2.75088,0.0189683
OTU72,2.59527,-,,
OTU12,3.45438,Disturbed,2.01383,0.0116306
OTU1076,2.79388,Natural,2.52335,0.00199281
OTU4266,2.22251,-,,
OTU9892,3.13373,-,,
OTU124,2.5821,-,,
OTU2206,2.40003,-,,
OTU1064,2.05201,-,,
OTU123,2.98229,Natural,2.58204,5.57E-06
OTU497,2.5856,-,,
OTU3497,2.34761,-,,
OTU4054,2.62679,Natural,2.90571,0.000557947
OTU170,3.03234,Natural,2.55586,0.0154028
OTU3756,2.5693,Disturbed,2.67966,0.00256758
OTU15,3.63485,Natural,3.31873,9.65E-06
OTU4496,2.22831,-,,
OTU14319,2.44616,-,,
OTU3462,2.39266,-,,
OTU102,3.77972,Disturbed,3.34303,3.28E-08
OTU43621,2.46814,-,,
OTU223,2.94822,-,,
OTU1363,2.42768,-,,
OTU2469,2.34174,-,,
OTU228,2.5502,-,,
OTU231,2.77526,-,,
OTU1679,2.35344,-,,
OTU826,2.12201,-,,
OTU263,2.82484,-,,
OTU961,2.39332,-,,
OTU171,2.84265,-,,
OTU105,3.08583,Natural,2.52582,0.00131786
OTU126,3.03142,-,,
OTU44,3.27458,-,,
OTU1102,2.4531,-,,
OTU1340,2.15711,-,,
OTU148,2.7156,Natural,2.72048,0.000608504
OTU409,2.28853,-,,
OTU11989,2.70998,-,,
OTU208,2.74347,-,,
OTU726,2.30324,-,,
OTU9074,3.12729,Natural,2.85792,1.63E-09
OTU8184,2.25662,-,,
OTU154,2.81552,-,,
OTU921,2.20489,-,,
OTU373,2.48089,-,,
OTU44621,2.26377,-,,
OTU408,2.28243,-,,
OTU6811,2.46972,-,,
OTU899,2.29092,-,,
OTU1676,2.13927,-,,
OTU9137,2.61539,-,,
OTU13,3.76905,Disturbed,3.54336,0.00334027
OTU4504,2.53593,-,,
OTU66,3.56883,-,,
OTU422,2.47183,-,,
OTU248,3.07823,-,,
OTU1260,2.16377,-,,
OTU6518,3.09498,Disturbed,2.93304,1.11E-16
OTU1514,2.36825,-,,
OTU183,3.28534,Natural,2.74235,4.87E-06
OTU2273,2.32065,-,,
OTU9788,2.66464,-,,
OTU815,2.72361,Natural,2.4553,1.25E-06
OTU918,2.52046,-,,
OTU74,2.99895,-,,
OTU12086,2.02025,-,,
OTU1873,3.82572,Disturbed,3.56208,3.24E-12
OTU1781,3.67921,-,,
OTU1554,2.12486,-,,
OTU400,2.09946,-,,
OTU6421,2.77728,-,,
OTU25065,2.82287,Natural,2.77243,0.00372294
OTU420,2.79866,Natural,2.77365,3.44E-06
OTU529,2.65251,-,,
OTU155,2.74781,-,,
OTU396,2.65005,Natural,2.75505,8.69E-05
OTU2254,2.49084,-,,
OTU22151,2.30649,-,,
OTU8835,2.78537,Natural,2.6375,8.89E-09
OTU1026,2.46973,-,,
OTU135,2.89666,Natural,2.5612,1.85E-05
OTU35189,2.38681,-,,
OTU32526,2.89316,-,,
OTU2637,3.11186,Disturbed,2.96181,2.45E-12
OTU212,2.95624,-,,
OTU1218,2.17676,-,,
OTU2047,2.92139,Disturbed,2.69542,0.00272784
OTU3709,2.21677,-,,
OTU2852,2.45641,-,,
OTU22787,2.49026,-,,
OTU19,3.36541,Natural,2.80158,0.00094933
OTU9,3.67563,-,,
OTU143,2.8057,-,,
OTU642,2.30667,-,,
OTU2656,2.139,-,,
OTU14989,3.31824,Natural,2.87666,6.96E-05
OTU162,2.80625,Natural,2.8149,0.000648452
OTU5253,2.61926,-,,
OTU2609,2.53475,-,,
OTU657,2.3224,-,,
OTU22,3.46409,Natural,3.37979,0.000420946
OTU46,3.24539,-,,
OTU38,3.44442,Disturbed,2.72997,0.00422019
OTU15458,2.12351,-,,
OTU3207,2.35122,-,,
OTU23666,2.25247,-,,
OTU941,2.26178,-,,
OTU1240,2.18392,-,,
OTU643,2.53595,-,,
OTU132,2.82292,-,,
OTU940,2.49543,-,,
OTU54188,3.34163,-,,
OTU174,2.70225,-,,
OTU550,2.23306,-,,
OTU13358,2.84053,-,,
OTU1013,2.40739,-,,
OTU166,3.14538,Natural,2.79254,0.00037234
OTU779,2.50746,-,,
OTU793,2.3594,-,,
OTU118,2.8941,Natural,2.61942,1.91E-06
OTU665,2.21535,-,,
OTU761,2.43455,-,,
OTU54802,2.66581,-,,
OTU926,2.43163,-,,
OTU48,3.41788,-,,
OTU359,2.79379,Natural,2.30416,0.00327361
OTU7229,2.64928,-,,
OTU2181,2.16436,-,,
OTU498,2.46931,-,,
OTU86,2.8638,-,,
OTU606,2.9625,Natural,2.80746,0.000132139
OTU25722,2.24983,-,,
OTU197,3.03261,Natural,2.71349,2.81E-05
OTU8619,2.47016,-,,
OTU7938,2.85913,Natural,2.76129,0.00282358
OTU1567,2.24514,-,,
OTU306,2.8824,-,,
OTU21242,2.12732,-,,
OTU59,3.20643,Natural,2.76023,0.0186265
OTU107,2.72953,Natural,2.461,0.00146299
OTU222,2.9138,Natural,2.6871,0.000283376
OTU659,2.62665,Natural,2.64762,5.46E-07
OTU305,2.80267,-,,
OTU199,2.9675,Natural,2.35322,0.00109381
OTU334,2.83224,-,,
OTU1086,2.60728,-,,
OTU509,2.57442,-,,
OTU896,2.30229,-,,
OTU840,2.5151,-,,
OTU249,2.32189,-,,
OTU1141,2.53978,-,,
OTU4956,3.55775,Disturbed,3.31186,2.22E-15
OTU405,2.29411,-,,
OTU88,3.29275,Natural,2.5038,0.0057249
OTU853,2.44438,-,,
OTU28841,2.2202,-,,
OTU103,3.32371,-,,
OTU191,2.93186,-,,
OTU185,2.73054,Natural,2.87138,0.000497182
OTU376,2.46077,-,,
OTU6538,2.22213,-,,
OTU436,2.91774,-,,
OTU5349,2.48801,-,,
OTU1786,3.12515,-,,
OTU348,2.27848,-,,
OTU654,2.05584,-,,
OTU7186,2.60486,-,,
OTU91,3.09513,-,,
OTU138,2.98902,-,,
OTU402,2.69126,-,,
OTU6865,2.43058,-,,
OTU230,2.95633,Natural,2.66075,0.00138488
OTU1325,2.24491,-,,
OTU20,3.52984,Disturbed,3.26227,1.07E-11
OTU40093,2.15616,-,,
OTU1060,2.49892,-,,
OTU1309,2.17746,-,,
OTU1568,2.65874,-,,
OTU283,2.49029,-,,
OTU203,2.73698,Natural,2.66063,0.017453
OTU1928,2.2645,-,,
OTU23597,2.28426,-,,
OTU5838,2.20671,-,,
OTU674,2.74166,-,,
OTU31773,2.6629,-,,
OTU10049,2.76359,-,,
OTU106,3.11704,-,,
OTU1441,2.48861,-,,
OTU6013,2.2285,-,,
OTU297,2.85995,-,,
OTU500,2.4182,-,,
OTU29050,2.13872,-,,
OTU85,2.85717,-,,
OTU2230,2.46493,-,,
OTU192,2.86439,-,,
OTU4570,2.69983,-,,
OTU564,2.10175,-,,
OTU44745,2.14738,-,,
OTU99,3.14707,Natural,2.67727,7.58E-06
OTU10012,2.67615,-,,
OTU200,2.82339,Natural,2.40011,0.0137665
OTU28,3.23838,Natural,2.47312,0.00652416
OTU499,2.64152,Natural,2.81989,0.00107212
OTU433,2.68016,-,,
OTU2352,2.05317,-,,
OTU9296,2.89977,-,,
OTU1143,2.14879,-,,
OTU898,2.17209,-,,
OTU4299,2.36786,-,,
OTU816,2.47387,-,,
OTU46556,2.86389,-,,
OTU7852,3.06441,-,,
OTU14925,2.39562,-,,
OTU1512,2.69776,Natural,2.35528,5.88E-06
OTU3847,2.1882,-,,
OTU2207,2.2643,-,,
OTU559,2.47349,-,,
OTU1985,2.60435,-,,
OTU11050,2.99302,-,,
OTU1179,2.24667,-,,
OTU391,2.83309,Natural,2.82207,5.16E-06
OTU397,2.19007,-,,
OTU441,2.94058,Disturbed,2.67159,0.000165901
OTU2477,2.58115,-,,
OTU553,2.52881,-,,
OTU404,2.32066,-,,
OTU1420,2.45772,-,,
OTU225,2.83771,-,,
OTU100,2.61259,-,,
OTU28441,3.13851,-,,
OTU64145,2.48657,-,,
OTU12554,2.13988,-,,
OTU43,3.00521,Natural,2.69905,0.000113228
OTU545,2.3129,-,,
OTU858,3.118,Natural,2.68888,3.70E-07
OTU2074,2.62882,-,,
OTU21605,2.26467,-,,
OTU10748,2.29191,-,,
OTU431,2.3049,-,,
OTU5061,2.23418,-,,
OTU28905,2.14565,-,,
OTU412,2.70928,-,,
OTU31767,3.00893,Natural,2.66495,8.88E-07
OTU12754,2.43586,-,,
OTU521,2.69901,-,,
OTU3188,2.24252,-,,
OTU40756,2.47787,-,,
OTU7681,2.08364,-,,
OTU16419,2.56084,-,,
OTU5360,2.48298,-,,
OTU1243,2.15491,-,,
OTU4046,2.5148,-,,
OTU4951,2.9731,Natural,2.63388,1.22E-05
OTU24225,2.30543,-,,
OTU854,2.75713,-,,
OTU270,2.61616,-,,
OTU387,3.01535,-,,
OTU25415,2.32817,-,,
OTU180,2.66134,-,,
OTU5175,2.68589,-,,
OTU597,2.159,-,,
OTU129,3.05314,Natural,2.8611,0.000979869
OTU897,2.50541,-,,
OTU706,2.22578,-,,
OTU54883,2.08115,-,,
OTU5682,2.20359,-,,
OTU289,2.76133,-,,
OTU16618,3.40833,-,,
OTU1128,2.20783,-,,
OTU12897,2.25197,-,,
OTU73,2.77111,-,,
OTU900,2.55747,-,,
OTU281,2.45617,-,,
OTU10900,2.74874,-,,
OTU239,2.70583,-,,
OTU150,2.84762,-,,
OTU2320,2.27505,-,,
OTU1001,2.35738,-,,
OTU14004,2.13461,-,,
OTU5094,2.23703,-,,
OTU14389,2.27989,-,,
OTU386,2.43623,-,,
OTU26577,2.36037,-,,
OTU703,2.50831,-,,
OTU22544,2.08552,-,,
OTU195,2.85667,Natural,2.55194,2.33E-06
OTU392,2.59057,-,,
OTU522,2.34093,-,,
OTU3782,2.58134,-,,
OTU125,2.89994,-,,
OTU882,2.55933,-,,
OTU7483,2.47607,-,,
OTU32661,2.04929,-,,
OTU2171,2.55614,-,,
OTU989,2.25389,-,,
OTU46573,2.42093,-,,
OTU4712,2.69858,-,,
OTU10030,2.92614,-,,
OTU667,2.61846,-,,
OTU357,2.6422,-,,
OTU1263,2.61898,-,,
OTU22439,2.26387,-,,
OTU1007,2.1333,-,,
OTU777,2.44444,-,,
OTU128,2.81788,Natural,2.53599,3.84E-06
OTU241,2.37003,-,,
OTU1785,2.15668,-,,
OTU1569,2.17784,-,,
OTU2635,2.11956,-,,
OTU201,2.90362,-,,
OTU350,2.55369,-,,
OTU46118,2.63735,Natural,2.22616,0.000873788
OTU536,2.23126,-,,
OTU111,2.99005,-,,
OTU163,2.96271,Natural,2.71122,4.93E-05
OTU12455,2.26636,-,,
OTU631,2.33063,-,,
OTU26676,2.29296,-,,
OTU23070,2.2884,-,,
OTU28914,2.61468,-,,
OTU1295,2.6568,-,,
OTU26098,2.64865,Natural,2.5524,3.03E-06
OTU1436,2.3935,-,,
OTU1359,2.19508,-,,
OTU1107,2.84594,Natural,2.75749,6.70E-08
OTU276,2.60383,-,,
OTU3846,2.87656,-,,
OTU12788,2.90453,-,,
OTU35348,2.4881,-,,
OTU410,2.406,-,,
OTU460,2.43613,-,,
OTU466,2.5747,-,,
OTU4555,2.9279,-,,
OTU134,2.64996,-,,
OTU444,2.13796,-,,
OTU5262,2.26775,-,,
OTU435,2.44045,-,,
OTU101,2.77729,-,,
OTU2627,2.58538,-,,
OTU287,2.47093,-,,
OTU2061,2.47187,-,,
OTU50,3.18566,-,,
OTU741,2.44877,-,,
OTU1122,2.26084,-,,
OTU47888,2.20235,-,,
OTU5233,2.4195,-,,
OTU663,2.58416,-,,
OTU26526,2.20258,-,,
OTU5566,2.32337,-,,
OTU5342,2.64297,-,,
OTU173,2.62557,-,,
OTU147,3.08339,Disturbed,2.88627,2.07E-08
OTU1504,2.52046,-,,
OTU78,3.08799,Natural,2.63935,0.000854556
OTU493,2.97916,Natural,2.7517,0.00015469
OTU1493,2.37649,-,,
OTU6600,2.58794,-,,
OTU1508,2.66584,Natural,2.51902,0.000229595
OTU1934,2.49285,-,,
OTU2260,2.59829,-,,
OTU2734,3.02577,-,,
OTU8277,2.55174,-,,
OTU3931,2.61633,-,,
OTU4307,2.33119,-,,
OTU7361,2.22761,-,,
OTU34950,2.23779,-,,
OTU633,2.26156,-,,
OTU303,3.06283,-,,
OTU9762,2.44148,-,,
OTU122,2.9916,Natural,2.50501,1.01E-05
OTU4444,2.19342,-,,
OTU351,2.33436,-,,
OTU5660,2.48617,-,,
OTU2752,2.49346,-,,
OTU18180,2.6606,-,,
OTU537,2.48873,-,,
OTU39223,2.08643,-,,
OTU216,2.31899,-,,
OTU1118,2.22791,-,,
OTU268,2.29732,-,,
OTU458,2.80322,Natural,2.73749,2.24E-05
OTU473,2.32381,-,,
OTU15171,2.14858,-,,
OTU4398,2.44932,-,,
OTU1083,2.50411,-,,
OTU1038,2.71195,-,,
OTU14768,2.18963,-,,
OTU25890,2.22056,-,,
OTU12804,2.71804,Natural,2.17455,0.013162
OTU906,2.23938,-,,
OTU362,2.53069,-,,
OTU323,2.47458,-,,
OTU176,2.68369,-,,
OTU115,2.92659,-,,
OTU272,2.25222,-,,
OTU342,2.36858,-,,
OTU120,2.84146,Natural,2.70055,0.000238714
OTU935,2.58948,-,,
OTU14417,2.58841,-,,
OTU751,2.78894,Natural,2.7118,0.000309523
OTU377,2.26278,-,,
OTU53,3.5575,Natural,3.12496,2.06E-05
OTU464,2.76147,-,,
OTU560,2.39176,-,,
OTU502,2.18181,-,,
OTU207,2.86396,Natural,2.81188,1.69E-05
OTU32892,2.35814,-,,
OTU1022,2.39223,-,,
OTU54277,2.29912,-,,
OTU5403,2.09483,-,,
OTU3726,3.10588,-,,
OTU982,2.47754,-,,
OTU467,2.51348,-,,
OTU366,2.82048,Natural,2.87002,8.81E-08
OTU503,2.51604,-,,
OTU447,2.63392,-,,
OTU181,2.98901,-,,
OTU1129,2.13953,-,,
OTU516,2.17601,-,,
OTU309,2.66638,-,,
OTU981,2.28988,-,,
OTU3946,2.23768,-,,
OTU16623,2.21455,-,,
OTU56727,2.11164,-,,
OTU419,2.44345,-,,
OTU62526,2.29494,-,,
OTU202,2.46071,-,,
OTU830,2.3527,-,,
OTU12927,2.27448,-,,
OTU205,2.95527,-,,
OTU873,2.72669,-,,
OTU884,2.57202,-,,
OTU2416,3.21067,-,,
OTU798,2.35449,-,,
OTU1641,2.41352,-,,
OTU605,2.59452,-,,
OTU221,2.7902,-,,
OTU1429,2.1971,-,,
OTU1377,2.42854,-,,
OTU2332,2.26198,-,,
OTU1190,2.4054,-,,
OTU62603,2.0874,-,,
OTU3732,2.23194,-,,
OTU178,3.2995,Natural,3.01958,3.22E-07
OTU1541,2.17396,-,,
OTU46548,2.64842,-,,
OTU34813,3.10446,-,,
OTU194,3.05261,-,,
OTU384,2.74463,-,,
OTU9501,2.27395,-,,
OTU288,3.03596,Disturbed,2.80924,6.23E-05
OTU5495,2.24374,-,,
OTU836,2.2427,-,,
OTU56248,2.25319,-,,
OTU296,2.39211,-,,
OTU3459,2.41526,-,,
OTU47359,2.15522,-,,
OTU914,2.477,-,,
OTU571,2.53708,-,,
OTU8526,2.5352,-,,
OTU23031,2.36439,-,,
OTU4008,2.81194,Natural,2.46408,0.00174462
OTU179,2.62721,-,,
OTU48868,2.55834,-,,
OTU269,3.06394,Natural,2.81175,0.00259239
OTU1156,2.19493,-,,
OTU54864,2.79253,-,,
OTU14574,2.44055,-,,
OTU63572,2.32836,-,,
OTU367,2.48565,-,,
OTU65,3.62663,-,,
OTU19715,2.66276,-,,
OTU47,2.79542,-,,
OTU2145,2.58689,-,,
OTU4028,2.76582,Natural,2.38655,1.66E-05
OTU1582,2.14119,-,,
OTU650,2.17292,-,,
OTU71,3.19259,Natural,2.80038,3.14E-06
OTU36815,2.47231,-,,
OTU475,2.77698,Natural,2.54587,8.49E-07
OTU237,2.53321,-,,
OTU314,2.87444,Natural,2.58832,7.59E-07
OTU16196,2.23596,-,,
OTU1114,2.42663,-,,
OTU2346,2.10777,-,,
OTU5346,3.58285,Disturbed,3.36912,7.40E-13
OTU1484,2.35569,-,,
OTU121,2.96928,Natural,2.32136,0.0112829
OTU829,2.48547,-,,
OTU164,2.64212,-,,
OTU26822,2.18052,-,,
OTU52815,2.13448,-,,
OTU331,2.78516,Natural,2.66927,5.21E-05
OTU62373,2.17149,-,,
OTU1505,2.0881,-,,
OTU1066,2.31666,-,,
OTU22910,2.10476,-,,
OTU62874,2.85874,-,,
OTU45246,2.58935,-,,
OTU226,2.67392,-,,
OTU10685,2.54404,-,,
OTU130,3.07743,-,,
OTU2964,3.22775,-,,
OTU45,3.16614,Disturbed,2.67754,4.83E-05
OTU14323,2.24384,-,,
OTU310,2.92845,Natural,2.5031,0.00855594
OTU1075,2.2878,-,,
OTU341,2.69168,-,,
OTU7056,2.14755,-,,
OTU52380,2.30273,-,,
OTU2754,3.05853,-,,
OTU1517,2.36172,-,,
OTU234,2.95249,Natural,2.69953,1.00E-07
OTU1454,2.27152,-,,
OTU33066,2.81011,-,,
OTU1435,2.57074,-,,
OTU8577,3.06274,Natural,2.56596,9.56E-05
OTU55944,2.15347,-,,
OTU188,2.83525,-,,
OTU32354,2.58273,-,,
OTU304,2.38915,-,,
OTU1458,2.30986,-,,
OTU35139,2.21801,-,,
OTU725,2.10748,-,,
OTU260,2.71538,-,,
OTU1274,2.51508,-,,
OTU519,2.41507,-,,
OTU1347,2.54494,-,,
OTU770,2.53212,-,,
OTU177,2.72363,Natural,2.36104,0.0443554
OTU32244,2.53058,-,,
OTU578,2.52613,-,,
OTU481,2.21038,-,,
OTU33,3.47079,Disturbed,3.25351,2.01E-08
OTU561,2.28577,-,,
OTU959,2.18569,-,,
OTU1215,2.27524,-,,
OTU385,2.31592,-,,
OTU756,2.77709,-,,
OTU5635,2.17293,-,,
OTU35262,2.91702,Disturbed,2.3712,0.029696
OTU211,2.5422,-,,
OTU472,2.29558,-,,
OTU1491,2.69601,Natural,2.77259,0.000142949
OTU61866,2.48213,-,,
OTU1409,2.20839,-,,
OTU1203,2.56846,-,,
OTU60280,2.14215,-,,
OTU36,3.28388,Disturbed,3.14585,5.55E-16
OTU251,2.24507,-,,
OTU672,2.17873,-,,
OTU1187,2.02414,-,,
OTU581,2.18886,-,,
OTU18259,2.09908,-,,
OTU1154,2.20165,-,,
OTU1334,2.3696,-,,
OTU7110,2.33962,-,,
OTU967,2.05319,-,,
OTU5038,2.25651,-,,
OTU18,3.63363,-,,
OTU705,2.47407,-,,
OTU18743,2.70172,-,,
OTU28815,3.10005,-,,
OTU7984,2.75472,Natural,2.90971,3.49E-05
OTU2318,2.34663,-,,
OTU463,2.67851,Natural,2.5753,1.10E-06
OTU837,2.4476,-,,
OTU734,2.36887,-,,
OTU22578,2.1732,-,,
OTU960,2.29658,-,,
OTU13074,2.15832,-,,
OTU1134,2.43412,-,,
OTU17983,2.18735,-,,
OTU611,2.21973,-,,
OTU9304,2.75964,-,,
OTU15056,2.35982,-,,
OTU356,2.33328,-,,
OTU1507,2.20883,-,,
OTU695,2.49187,-,,
OTU736,2.18494,-,,
OTU19159,2.35412,-,,
OTU803,2.49273,-,,
OTU43248,2.17171,-,,
OTU41453,2.51049,-,,
OTU16060,2.35076,-,,
OTU3498,2.07274,-,,
OTU569,2.52999,-,,
OTU1520,2.27925,-,,
OTU1106,2.39771,-,,
OTU866,2.34409,-,,
OTU1558,2.26963,-,,
OTU240,2.22825,-,,
OTU9397,2.79687,-,,
OTU20310,2.59674,-,,
OTU6144,2.74383,-,,
OTU337,2.6542,-,,
OTU340,2.69038,-,,
OTU290,2.54997,-,,
OTU12079,2.2547,-,,
OTU31371,2.84095,-,,
OTU2643,2.34662,-,,
OTU17638,2.42541,-,,
OTU10052,2.46673,-,,
OTU96,3.15546,-,,
OTU800,2.57034,Natural,2.85475,0.000105174
OTU25074,2.37096,-,,
OTU449,2.6771,Natural,2.6902,4.61E-09
OTU27514,2.58472,-,,
OTU4001,2.56537,-,,
OTU876,2.26806,-,,
OTU219,2.79787,-,,
OTU127,2.98977,-,,
OTU40863,2.69586,-,,
OTU48023,2.20464,-,,
OTU295,2.24307,-,,
OTU1193,2.56296,-,,
OTU325,2.43011,-,,
OTU514,2.4001,-,,
OTU8591,2.27048,-,,
OTU46586,2.2839,-,,
OTU14,3.56031,Disturbed,3.52666,3.78E-06
OTU998,2.38842,-,,
OTU689,2.74457,-,,
OTU6268,2.84104,-,,
OTU979,2.22506,-,,
OTU210,2.31792,-,,
OTU114,2.53552,-,,
OTU266,2.504,-,,
OTU18483,2.15344,-,,
OTU955,2.4729,-,,
OTU771,2.35999,-,,
OTU6699,2.2897,-,,
OTU7527,2.26546,-,,
OTU913,2.17735,-,,
OTU1036,2.65878,Natural,2.63125,7.39E-05
OTU61577,2.35175,-,,
OTU729,2.31189,-,,
OTU775,2.53043,-,,
OTU236,2.76916,Natural,2.61837,0.000388719
OTU320,2.43264,-,,
OTU424,2.34611,-,,
OTU49222,2.12536,-,,
OTU322,2.27703,-,,
OTU1891,2.38015,-,,
OTU168,2.6523,Natural,2.57893,3.73E-05
OTU29873,2.43745,-,,
OTU45986,2.7335,-,,
OTU451,2.53629,-,,
OTU1196,2.51022,-,,
OTU267,2.59208,-,,
OTU415,2.80692,-,,
OTU1460,2.41682,-,,
OTU943,2.35934,-,,
OTU161,2.79839,Natural,2.34233,1.53E-05
OTU361,2.57182,-,,
OTU23781,2.49041,-,,
OTU1402,2.44209,-,,
OTU787,2.44364,-,,
OTU286,2.44572,-,,
OTU802,2.36081,-,,
OTU315,2.35382,-,,
OTU44254,2.11622,-,,
OTU321,2.49447,-,,
OTU246,2.45819,-,,
OTU108,2.79091,Natural,2.43004,0.0188591
OTU6721,2.27479,-,,
OTU37,2.96246,Natural,2.74733,0.0289643
OTU4084,2.85895,Natural,2.72327,0.0241592
OTU326,2.28589,-,,
OTU12803,2.74287,-,,
OTU905,2.38757,-,,
OTU8956,2.22182,-,,
OTU2978,2.31664,-,,
OTU47193,2.53093,-,,
OTU109,2.53811,-,,
OTU245,2.82061,-,,
OTU3143,2.32306,-,,
OTU5890,2.70985,-,,
OTU1374,2.33851,-,,
OTU198,2.90965,Natural,2.74935,0.00218315
OTU12674,2.05193,-,,
OTU262,2.44177,-,,
OTU718,2.20972,-,,
OTU772,2.46523,-,,
OTU1220,2.61677,-,,
OTU2662,2.11207,-,,
OTU680,2.57234,-,,
OTU1186,2.05884,-,,
OTU13803,2.58423,Natural,2.11173,0.0401403
OTU232,2.9257,-,,
OTU1720,2.34168,-,,
OTU7996,2.46826,-,,
OTU1202,2.20077,-,,
OTU243,2.20551,-,,
OTU189,2.88369,-,,
OTU1527,2.47341,-,,
OTU3867,2.38008,-,,
OTU35657,2.30677,-,,
OTU10064,2.41022,-,,
OTU5611,2.1175,-,,
OTU1144,2.40853,-,,
OTU922,2.79341,-,,
OTU383,2.83384,-,,
OTU639,2.15991,-,,
OTU49,3.11788,Natural,2.78422,0.000292498
OTU4003,2.51243,-,,
OTU1376,2.45144,-,,
OTU265,2.5531,-,,
OTU15789,2.13035,-,,
OTU6537,2.14591,-,,
OTU2800,2.10719,-,,
OTU14306,2.99304,Disturbed,2.64175,0.000599503
OTU36171,2.16555,-,,
OTU35100,2.10349,-,,
OTU313,2.45963,-,,
OTU97,3.11832,-,,
OTU842,2.65269,-,,
OTU117,2.95066,-,,
OTU17489,2.1818,-,,
OTU110,2.77424,-,,
OTU555,2.34162,-,,
OTU165,2.41967,-,,
OTU15634,2.53584,-,,
OTU77,2.90649,-,,
OTU345,3.06356,Natural,2.6414,0.00575291
OTU1457,2.36362,-,,
OTU656,2.58603,-,,
OTU3548,2.54665,-,,
OTU364,2.32203,-,,
OTU394,2.2622,-,,
OTU1452,2.34451,-,,
OTU427,2.36653,-,,
OTU370,2.40836,-,,
OTU644,2.12146,-,,
OTU510,2.45803,-,,
OTU535,2.3753,-,,
OTU2311,2.42271,-,,
OTU3916,2.40121,-,,
OTU44456,2.20811,-,,
OTU12652,2.77897,-,,
OTU1339,2.63969,-,,
OTU26614,2.34945,-,,
OTU432,2.60449,-,,
OTU1469,2.25727,-,,
OTU1687,2.19244,-,,
OTU139,2.77552,-,,
OTU1978,2.42842,-,,
OTU1209,2.2785,-,,
OTU645,2.41924,-,,
OTU3159,2.06616,-,,
OTU720,2.10673,-,,
OTU47572,2.42091,-,,
OTU701,2.6588,-,,
OTU7639,2.2105,-,,
OTU37686,2.09049,-,,
OTU910,2.21071,-,,
OTU45353,2.36594,-,,
OTU880,2.3632,-,,
OTU1082,2.58912,-,,
OTU3550,2.36754,-,,
OTU805,2.17843,-,,
OTU45290,2.19649,-,,
OTU209,2.97469,-,,
OTU34661,2.14222,-,,
OTU151,2.84789,-,,
OTU27530,2.26536,-,,
OTU1247,2.44635,-,,
OTU1073,2.40218,-,,
OTU159,2.74347,-,,
OTU5347,2.13718,-,,
OTU55247,2.31933,-,,
OTU7244,2.48753,-,,
OTU92,2.96976,Natural,2.36132,0.00763445
OTU3258,2.60152,-,,
OTU841,2.74886,-,,
OTU697,2.32782,-,,
OTU371,2.3162,-,,
OTU19783,2.19505,-,,
OTU32258,2.11571,-,,
OTU16462,2.21953,-,,
OTU1957,2.64802,-,,
OTU857,2.28735,-,,
OTU52322,2.31064,-,,
OTU360,2.7718,-,,
OTU4991,2.58952,-,,
OTU589,2.40457,-,,
OTU136,3.09642,-,,
OTU2373,2.8896,-,,
OTU964,2.67757,-,,
OTU1072,2.48381,-,,
OTU5431,2.61864,-,,
OTU31157,2.84821,-,,
OTU220,3.06181,Natural,2.69019,8.36E-08
OTU27186,2.02196,-,,
OTU730,2.33125,-,,
OTU5776,2.24514,-,,
OTU5157,2.19108,-,,
OTU318,2.70889,-,,
OTU3808,2.24881,-,,
OTU461,2.64099,-,,
OTU67,3.20626,-,,
OTU316,2.29299,-,,
OTU1037,2.22196,-,,
OTU36042,2.1734,-,,
OTU293,2.06734,-,,
OTU1270,2.33464,-,,
OTU587,2.23745,-,,
OTU5009,2.93644,-,,
OTU7873,2.49382,-,,
OTU627,2.20412,-,,
OTU116,2.45904,-,,
OTU62002,2.54453,-,,
OTU3941,2.26632,-,,
OTU789,2.2046,-,,
OTU380,2.63412,-,,
OTU4652,2.32649,-,,
OTU14411,2.13457,-,,
OTU311,2.26908,-,,
OTU37787,2.19913,-,,
OTU7174,2.41509,-,,
OTU8876,2.26125,-,,
OTU764,2.45152,-,,
OTU32030,2.1652,-,,
OTU1352,2.34873,-,,
OTU6372,2.0711,-,,
OTU1797,2.35383,-,,
OTU35302,2.09975,-,,
OTU484,2.08862,-,,
OTU167,2.39372,-,,
OTU699,2.48179,-,,
OTU13486,2.7769,-,,
OTU29,3.44305,-,,
OTU879,2.39968,-,,
OTU494,2.31196,-,,
OTU8382,2.21606,-,,
OTU48765,2.58944,Natural,2.87117,8.35E-07
OTU429,2.34831,-,,
OTU2495,2.80321,-,,
OTU3831,2.18981,-,,
OTU690,2.23102,-,,
OTU1034,2.43452,-,,
OTU374,2.3913,-,,
OTU217,2.42083,-,,
OTU28685,2.53825,-,,
OTU670,2.42223,-,,
OTU5958,2.45501,-,,
OTU1511,2.17866,-,,
OTU238,2.72113,-,,
OTU42213,2.30411,-,,
OTU584,2.0835,-,,
OTU454,2.5875,-,,
OTU308,2.46859,-,,
OTU11807,2.39561,-,,
OTU512,2.27917,-,,
OTU2356,2.29248,-,,
OTU19950,2.24318,-,,
OTU748,2.18504,-,,
OTU1018,2.36981,-,,
OTU12666,2.53627,-,,
OTU4000,2.5076,-,,
OTU5156,2.48563,-,,
OTU903,2.61063,-,,
OTU20480,2.9338,-,,
OTU186,2.73172,-,,
OTU5231,2.50137,-,,
OTU68,3.21811,-,,
OTU32543,2.31127,-,,
OTU17263,2.43513,-,,
OTU18468,2.33419,-,,
OTU824,2.37606,-,,
OTU565,2.67848,-,,
OTU543,2.1076,-,,
OTU17453,2.33411,-,,
OTU51998,2.45164,-,,
OTU30845,2.39003,-,,
OTU1845,2.90513,-,,
OTU58772,2.28038,-,,
OTU784,2.41171,-,,
OTU8850,2.30168,-,,
OTU5124,2.20971,-,,
OTU872,2.18191,-,,
OTU1010,2.25624,-,,
OTU11939,2.29711,-,,
OTU11828,2.16726,-,,
OTU142,3.23221,-,,
OTU22531,2.49445,-,,
OTU4213,2.71736,-,,
OTU76,3.13608,-,,
OTU1658,2.71072,-,,
OTU47388,2.42848,-,,
OTU1272,2.37403,-,,
OTU284,2.68491,-,,
OTU4251,2.97694,-,,
OTU301,2.5605,-,,
OTU2516,2.25979,-,,
OTU7453,2.74342,-,,
OTU616,2.45177,-,,
OTU3902,2.3514,-,,
OTU993,2.41835,-,,
OTU544,2.56729,-,,
OTU7344,2.52794,-,,
OTU131,3.16969,-,,
OTU673,2.14888,-,,
OTU755,2.50919,-,,
OTU951,2.49147,-,,
OTU41895,2.22042,-,,
OTU7370,2.12828,-,,
OTU630,2.83663,-,,
OTU12424,2.66697,-,,
OTU3542,2.32314,-,,
OTU1014,2.36765,-,,
OTU61,3.21919,-,,
OTU1011,2.53983,-,,
OTU36093,2.44238,-,,
OTU1110,2.56669,-,,
OTU3650,2.4291,-,,
OTU843,2.17625,-,,
OTU1239,2.27293,-,,
OTU7670,2.7153,-,,
OTU56268,2.42644,-,,
OTU21580,2.32882,-,,
OTU89,2.85081,Natural,2.77115,0.00335565
OTU1071,2.22418,-,,
OTU10921,2.55491,-,,
OTU10796,2.2551,-,,
OTU33434,2.04821,-,,
OTU13293,2.17023,-,,
OTU20671,2.34669,-,,
OTU368,2.39966,-,,
OTU298,3.09347,-,,
OTU2827,2.15378,-,,
OTU418,2.38881,-,,
OTU393,2.41355,-,,
OTU3271,2.41878,-,,
OTU2,4.6189,Disturbed,4.544,0.00393984
OTU63992,2.41953,-,,
OTU382,2.72278,-,,
OTU778,2.38083,-,,
OTU14045,2.10735,-,,
OTU919,2.07138,-,,
OTU21806,2.51793,-,,
OTU1485,2.34321,-,,
OTU1522,2.30538,-,,
OTU312,2.65035,-,,
OTU292,2.63989,-,,
OTU47636,2.16944,-,,
OTU7849,2.16126,-,,
OTU57359,2.31851,-,,
OTU901,2.36396,-,,
OTU22297,2.15944,-,,
OTU1039,2.26802,-,,
OTU10728,2.58223,-,,
OTU4733,2.34238,-,,
OTU253,2.52013,-,,
OTU42471,2.31883,-,,
OTU3161,2.35918,-,,
OTU1035,2.33276,-,,
OTU7533,2.0248,-,,
OTU908,2.21824,-,,
OTU60938,2.28646,-,,
OTU5615,2.17047,-,,
OTU2855,2.58612,-,,
OTU35057,2.31217,-,,
OTU4542,2.41489,-,,
OTU3973,2.58547,-,,
OTU713,2.48415,-,,
OTU1571,2.24527,-,,
OTU10761,2.55921,-,,
OTU4673,2.1138,-,,
OTU12543,2.41741,-,,
OTU53799,2.35689,-,,
OTU890,2.30691,-,,
OTU56649,2.16049,-,,
OTU1124,2.29906,-,,
OTU2046,2.30215,-,,
OTU417,2.93404,-,,
OTU8400,2.46952,-,,
OTU51,3.39891,-,,
OTU64288,2.36202,-,,
OTU838,2.29884,-,,
OTU30927,2.69299,-,,
OTU56567,2.36431,-,,
OTU2871,2.38708,-,,
OTU13232,2.46578,-,,
OTU474,3.06785,-,,
OTU752,2.16489,-,,
OTU7184,2.63962,-,,
OTU1322,2.43625,-,,
OTU146,2.89627,Natural,2.49479,1.76E-05
OTU18070,2.19503,-,,
OTU1032,2.16347,-,,
OTU4667,2.49179,-,,
OTU1230,2.10943,-,,
OTU45615,2.08391,-,,
OTU13179,2.28527,-,,
OTU35129,2.38969,-,,
OTU9635,2.35185,-,,
OTU4483,2.54112,Natural,2.66315,1.73E-06
OTU602,2.58702,-,,
OTU520,2.69717,-,,
OTU1259,2.22844,-,,
OTU11210,2.22808,-,,
OTU8002,2.30906,-,,
OTU346,2.40046,-,,
OTU893,2.1571,-,,
OTU5751,2.53917,-,,
OTU4686,2.33807,-,,
OTU403,2.62412,-,,
OTU18074,2.91813,-,,
OTU407,2.34103,-,,
OTU462,2.41073,-,,
OTU1185,2.33613,-,,
OTU1354,2.25066,-,,
OTU3915,2.11773,-,,
OTU8078,2.30737,-,,
OTU8401,2.39903,-,,
OTU24145,2.25787,-,,
OTU47796,2.44774,-,,
OTU149,2.68466,-,,
OTU1364,2.52716,-,,
OTU653,2.19672,-,,
OTU1051,2.07319,-,,
OTU542,2.63063,-,,
OTU19632,2.12292,-,,
OTU1059,2.06209,-,,
OTU468,2.31031,-,,
OTU4490,2.16931,-,,
OTU3984,2.18949,-,,
OTU56094,2.31851,-,,
OTU731,2.50843,-,,
OTU950,2.17457,-,,
OTU60490,2.3352,-,,
OTU739,2.19326,-,,
OTU55657,2.40768,-,,
OTU953,2.20255,-,,
OTU33332,2.33795,-,,
OTU491,2.73056,-,,
OTU13425,2.14954,-,,
OTU1276,2.47304,-,,
OTU41119,2.29681,-,,
OTU44218,2.24684,-,,
OTU56924,2.13407,-,,
OTU23487,2.2082,-,,
OTU585,2.49428,-,,
OTU1348,2.66038,-,,
OTU8450,2.56168,-,,
OTU568,2.26276,-,,
OTU9859,2.24671,-,,
OTU40814,2.36715,-,,
OTU917,2.39067,-,,
OTU1426,2.61593,-,,
OTU11432,2.17428,-,,
OTU1049,2.12334,-,,
OTU30891,2.06574,-,,
OTU769,2.17509,-,,
OTU48123,2.9375,-,,
OTU26820,2.36382,-,,
OTU3246,2.50148,-,,
OTU807,2.46022,-,,
OTU1434,2.34077,-,,
OTU46671,2.47893,-,,
OTU9672,2.19404,-,,
OTU227,2.38356,-,,
OTU1335,2.30777,-,,
OTU57300,2.55748,Natural,2.71037,2.80E-05
OTU37091,2.37017,-,,
OTU8920,2.65778,-,,
OTU3421,2.11,-,,
OTU1806,2.58684,-,,
OTU723,2.2502,-,,
OTU3903,2.36796,-,,
OTU324,2.24323,-,,
OTU3638,2.19582,-,,
OTU47361,2.25946,-,,
OTU2614,2.1899,-,,
OTU31365,2.77324,-,,
OTU7089,2.21004,-,,
OTU317,2.13057,-,,
OTU4040,2.18933,-,,
OTU847,2.52436,-,,
OTU7023,2.21533,-,,
OTU8941,2.06126,-,,
OTU7776,2.18744,-,,
OTU4826,2.17844,-,,
OTU442,2.13261,-,,
OTU443,2.42716,-,,
OTU156,3.07774,-,,
OTU745,2.14919,-,,
OTU40554,2.21802,-,,
OTU488,2.72022,-,,
OTU52745,2.29854,-,,
OTU332,2.82555,Natural,2.72668,1.25E-06
OTU28951,2.44535,-,,
OTU39877,2.18469,-,,
OTU14862,2.14839,-,,
OTU546,2.61259,-,,
OTU865,2.28502,-,,
OTU3648,2.17498,-,,
OTU1308,2.22476,-,,
OTU1271,2.67285,-,,
OTU355,2.24515,-,,
OTU47461,2.12792,-,,
OTU570,2.54336,-,,
OTU27924,2.2233,-,,
OTU343,2.16897,-,,
OTU259,2.57336,-,,
OTU55376,2.7528,-,,
OTU1002,2.40075,-,,
OTU1306,2.09158,-,,
OTU94,3.35365,Disturbed,3.08405,2.90E-11
OTU975,2.1648,-,,
OTU11805,2.1524,-,,
OTU4105,2.49624,-,,
OTU58033,2.4902,-,,
OTU18659,2.22248,-,,
OTU379,2.62827,-,,
OTU930,2.12593,-,,
OTU4096,2.71418,-,,
OTU28804,2.25699,-,,
OTU14102,2.14916,-,,
OTU712,2.22456,-,,
OTU157,2.1343,-,,
OTU60488,2.25879,-,,
OTU36758,2.35643,-,,
OTU894,2.19119,-,,
OTU401,2.30701,-,,
OTU26630,2.4415,-,,
OTU628,2.31765,-,,
OTU548,2.39571,-,,
OTU434,2.13188,-,,
OTU2895,2.18962,-,,
OTU214,2.47302,-,,
OTU190,2.5943,-,,
OTU2161,2.74348,-,,
OTU638,2.27504,-,,
OTU3359,2.13442,-,,
OTU184,2.27153,-,,
OTU7484,2.21243,-,,
OTU12612,2.7095,-,,
OTU57428,2.56079,-,,
OTU12434,2.59641,-,,
OTU45531,2.48754,-,,
OTU4196,2.43741,-,,
OTU54172,2.22497,-,,
OTU887,2.16597,-,,
OTU15399,2.43612,-,,
OTU57435,2.10302,-,,
OTU511,2.09051,-,,
OTU2080,3.18353,-,,
OTU2402,2.18142,-,,
OTU23585,2.11523,-,,
OTU1433,2.21003,-,,
OTU8340,2.47245,-,,
OTU250,2.37713,-,,
OTU7227,2.20971,-,,
OTU21928,2.37574,-,,
OTU9918,2.02356,-,,
OTU84,2.0985,-,,
OTU985,2.25304,-,,
OTU763,2.32144,-,,
OTU37667,2.61546,-,,
OTU14229,2.3684,-,,
OTU215,3.0803,-,,
OTU591,2.22526,-,,
OTU53797,2.23826,-,,
OTU1125,2.22766,-,,
OTU524,2.19501,-,,
OTU3623,2.20326,-,,
OTU25877,2.46455,-,,
OTU330,2.56884,-,,
OTU1342,2.39342,-,,
OTU12831,2.7988,-,,
OTU2540,2.44627,-,,
OTU2372,2.08535,-,,
OTU2202,2.73216,-,,
OTU601,2.41519,-,,
OTU9332,2.57398,-,,
OTU20467,2.17595,-,,
OTU3493,2.72766,-,,
OTU153,2.14639,-,,
OTU2082,2.47634,-,,
OTU3590,2.1708,-,,
OTU55696,2.13215,-,,
OTU28159,2.1795,-,,
OTU5364,2.50325,-,,
OTU515,2.31692,-,,
OTU32599,2.24474,-,,
OTU3642,2.10956,-,,
OTU1113,2.27576,-,,
OTU244,2.28302,-,,
OTU1236,2.0819,-,,
OTU875,2.70635,-,,
OTU3641,2.08914,-,,
OTU453,2.6358,-,,
OTU1206,2.42043,-,,
OTU8484,2.14818,-,,
OTU1258,2.17277,-,,
OTU440,2.05577,-,,
OTU38166,2.17058,-,,
OTU6992,2.66482,-,,
OTU688,2.07496,-,,
OTU51159,2.33148,-,,
OTU277,2.56412,-,,
OTU799,2.44691,-,,
OTU7418,2.28499,-,,
OTU33460,2.1391,-,,
OTU8328,2.37152,-,,
OTU291,2.68356,-,,
OTU261,2.72756,-,,
OTU1280,2.30586,-,,
OTU8285,2.12742,-,,
OTU1057,2.18689,-,,
OTU864,2.21629,-,,
OTU1103,2.31015,-,,
OTU112,2.66071,-,,
OTU1021,2.50994,-,,
OTU206,2.7798,-,,
OTU867,2.25033,-,,
OTU28709,2.08323,-,,
OTU1065,2.44361,-,,
OTU42081,2.31506,-,,
OTU15974,2.26397,-,,
OTU54619,2.39523,-,,
OTU421,2.50325,-,,
OTU1266,2.43608,-,,
OTU839,2.27713,-,,
OTU7828,2.27338,-,,
OTU507,2.32937,-,,
OTU14551,2.20394,-,,
OTU1310,2.42897,-,,
OTU62576,2.47945,-,,
OTU1267,2.24681,-,,
OTU49708,2.27849,-,,
OTU976,2.28849,-,,
OTU35523,2.43448,-,,
OTU349,2.33659,-,,
OTU8519,2.20031,-,,
OTU45430,2.11975,-,,
OTU4468,2.29977,-,,
OTU38224,2.13742,-,,
OTU567,2.32473,-,,
OTU14825,2.36151,-,,
OTU13661,2.29729,-,,
OTU10877,3.29544,-,,
OTU1189,2.10457,-,,
OTU21328,2.14741,-,,
OTU430,2.35147,-,,
OTU2030,3.75405,-,,
OTU10236,2.21199,-,,
OTU48635,2.3854,-,,
OTU1916,2.2039,-,,
OTU1398,2.24826,-,,
OTU6414,2.23018,-,,
OTU1089,2.39186,-,,
OTU11858,2.2491,-,,
OTU684,2.37297,-,,
OTU596,2.47711,-,,
OTU31645,2.33479,-,,
OTU812,2.40949,-,,
OTU26763,2.47174,-,,
OTU715,2.46798,-,,
OTU869,2.60273,-,,
OTU10107,2.61102,-,,
OTU595,2.45699,-,,
OTU8981,2.06164,-,,
OTU23906,2.32595,-,,
OTU5051,2.33822,-,,
OTU6797,2.1598,-,,
OTU925,2.34583,-,,
OTU1195,2.2148,-,,
OTU797,2.32544,-,,
OTU27,3.532,-,,
OTU759,2.1757,-,,
OTU16,3.75647,-,,
OTU256,2.24719,-,,
OTU11852,2.29886,-,,
OTU825,2.27154,-,,
OTU13484,2.14331,-,,
OTU14291,2.33742,-,,
OTU15819,2.27982,-,,
OTU1341,2.07386,-,,
OTU27868,2.29386,-,,
OTU1063,2.24192,-,,
OTU34790,2.21943,-,,
OTU58763,2.38525,-,,
OTU29703,2.15392,-,,
OTU709,2.15839,-,,
OTU50131,2.38731,-,,
OTU1381,2.44327,-,,
OTU1559,2.22901,-,,
OTU1326,2.37259,-,,
OTU1636,3.14483,-,,
OTU169,2.98179,-,,
OTU14132,2.18234,-,,
OTU1204,2.12032,-,,
OTU282,2.3784,-,,
OTU2130,2.11407,-,,
OTU46462,2.26684,-,,
OTU885,2.10199,-,,
OTU61138,2.26969,-,,
OTU9022,2.23123,-,,
OTU835,2.3369,-,,
OTU347,3.05918,-,,
OTU2747,2.77721,-,,
OTU2382,2.44242,-,,
OTU588,2.44974,-,,
OTU8611,2.34999,-,,
OTU766,2.22346,-,,
OTU708,2.134,-,,
OTU851,2.09978,-,,
OTU17,3.78996,Disturbed,3.55686,1.07E-13
OTU58,3.41327,-,,
OTU2079,2.34499,-,,
OTU6470,2.75575,-,,
OTU2448,2.74943,-,,
OTU10485,2.21954,-,,
OTU1041,2.59135,-,,
OTU1167,2.2514,-,,
OTU42172,2.54526,-,,
OTU3748,2.18838,-,,
OTU1674,2.21327,-,,
OTU666,2.24682,-,,
OTU44160,2.15484,-,,
OTU485,2.48558,-,,
OTU1764,2.84686,-,,
OTU4470,2.63649,-,,
OTU247,2.24503,-,,
OTU9113,2.26327,-,,
OTU834,2.0961,-,,
OTU58401,2.3037,-,,
OTU1578,2.27896,-,,
OTU2872,3.27266,-,,
OTU12462,2.60835,-,,
OTU10867,2.74128,-,,
OTU1852,2.65138,-,,
OTU2829,3.1866,-,,
OTU56,3.06929,-,,
OTU7003,3.11927,-,,
OTU1988,2.96885,-,,
OTU10837,3.07054,-,,
OTU12299,3.06059,-,,
OTU753,2.26152,-,,
OTU12533,2.44322,-,,
OTU10917,2.62606,-,,
OTU831,2.16483,-,,
OTU34983,2.671,-,,
OTU6919,2.48568,-,,
OTU12742,2.98813,-,,
OTU629,2.48748,-,,
OTU12517,2.85423,-,,
OTU38010,2.11181,-,,
OTU44123,2.09768,-,,
OTU2215,2.83478,-,,
OTU2825,2.19083,-,,
OTU819,2.46443,-,,
OTU6920,2.52383,-,,
OTU233,2.52555,-,,
OTU428,2.44986,-,,
OTU862,2.12432,-,,
OTU204,2.41897,-,,
OTU685,2.42129,-,,
OTU21666,2.33292,-,,
OTU9411,2.0753,-,,
OTU4075,2.46204,-,,
OTU399,2.19432,-,,
OTU26482,2.02669,-,,
OTU3700,2.258,-,,
OTU1620,2.47,-,,
OTU19031,2.21347,-,,
OTU469,2.34942,-,,
OTU2923,2.49133,-,,
OTU1006,2.24518,-,,
OTU4103,2.42615,-,,
OTU1070,2.18234,-,,
OTU1121,2.07257,-,,
OTU2410,2.60026,-,,
OTU2473,2.4947,-,,
OTU5853,2.72918,-,,
OTU2204,2.59525,-,,
OTU152,3.07556,-,,
OTU3967,2.60728,-,,
OTU1556,2.43187,-,,
OTU2043,2.97415,-,,
OTU6871,2.07463,-,,
OTU4212,2.51854,-,,
OTU2891,2.47235,-,,
OTU4262,2.47505,-,,
OTU6446,2.4364,-,,
OTU2778,2.66649,-,,
OTU2417,2.37444,-,,
OTU6642,2.47541,-,,
OTU2333,2.58094,-,,
OTU2803,2.64111,-,,
OTU12739,2.74613,-,,
OTU1914,2.48007,-,,
OTU1249,2.54852,-,,
OTU83,3.34626,Disturbed,3.15898,4.42E-14
OTU3719,2.47847,-,,
OTU389,2.61559,-,,
OTU2700,2.47888,-,,
OTU93,3.06267,-,,
OTU2342,2.40366,-,,
OTU1661,2.89999,-,,
OTU6529,2.89434,-,,
OTU997,2.43856,-,,
OTU2065,2.47878,-,,
OTU983,2.43914,-,,
OTU4342,2.46894,-,,
OTU242,2.71763,-,,
OTU10750,2.56949,-,,
OTU63,2.77758,-,,
OTU1920,2.41852,-,,
OTU2168,2.36399,-,,
OTU426,2.65051,-,,
OTU5390,2.62108,-,,
OTU358,2.57957,-,,
OTU6277,2.61144,-,,
OTU196,2.57638,-,,
OTU3218,2.44853,-,,
OTU70,3.52585,-,,
OTU398,2.35245,-,,
OTU583,2.34012,-,,
OTU4208,2.39528,-,,
OTU35122,2.05294,-,,
OTU863,2.3942,-,,
OTU1292,2.38551,-,,
OTU7534,2.11932,-,,
OTU6492,2.87147,-,,
OTU7169,2.59685,-,,
OTU21669,2.26152,-,,
OTU3965,2.58401,-,,
OTU2209,2.95043,-,,
OTU26771,2.21178,-,,
OTU1019,2.05766,-,,
OTU9932,2.17413,-,,
OTU450,2.25435,-,,
OTU1061,2.06449,-,,
OTU747,2.26854,-,,
OTU651,2.24488,-,,
OTU17129,2.19723,-,,
OTU518,2.1061,-,,
OTU1015,2.19574,-,,
OTU871,2.51534,-,,
OTU1056,2.03449,-,,
OTU738,2.02149,-,,
OTU7862,2.05255,-,,
OTU336,2.58893,-,,
OTU878,2.11502,-,,
OTU30518,2.23144,-,,
OTU395,2.45689,-,,
OTU6168,2.13929,-,,
OTU4568,2.20283,-,,
OTU7969,2.14847,-,,
OTU193,2.62164,-,,
OTU29074,2.26786,-,,
OTU4678,2.25535,-,,
OTU1486,2.16516,-,,
OTU774,2.28058,-,,
OTU760,2.23318,-,,
OTU10325,2.28166,-,,
OTU7721,2.10086,-,,
OTU57083,2.55185,-,,
OTU7638,2.14094,-,,
OTU681,2.22616,-,,
OTU902,2.4011,-,,
OTU2166,2.44897,-,,
OTU299,2.80162,-,,
OTU5103,2.19482,-,,
OTU2284,2.46687,-,,
OTU59331,2.17223,-,,
OTU1488,2.15485,-,,
OTU619,2.60781,-,,
OTU6706,2.26319,-,,
OTU2587,2.09463,-,,
OTU27025,2.00901,-,,
OTU1754,2.26358,-,,
OTU4945,2.28747,-,,
OTU3296,2.54104,-,,
OTU4535,2.70736,-,,
OTU20786,2.13921,-,,
OTU2858,2.29239,-,,
OTU1373,2.20963,-,,
OTU406,2.40936,-,,
OTU1378,2.44192,-,,
OTU1238,2.47499,-,,
OTU495,2.15301,-,,
OTU471,2.0784,-,,
OTU1042,2.32777,-,,
OTU62169,2.10312,-,,
OTU52405,2.54452,-,,
OTU8581,2.23141,-,,
OTU416,2.65754,-,,
OTU8380,2.32449,-,,
OTU8760,2.17912,-,,
OTU1178,2.2621,-,,
OTU20540,2.28788,-,,
OTU13241,2.21087,-,,
OTU11131,2.17948,-,,
OTU9755,2.2169,-,,
OTU53897,2.19501,-,,
OTU27241,2.23067,-,,
OTU531,2.38066,-,,
OTU704,2.49572,-,,
OTU448,2.36697,-,,
OTU702,2.15888,-,,
OTU58799,2.25653,-,,
OTU13481,2.14003,-,,
OTU229,2.90239,-,,
OTU5580,2.10817,-,,
OTU333,2.4193,-,,
OTU33293,2.21769,-,,
OTU1288,2.76207,-,,
OTU923,2.56866,-,,
OTU7254,2.47302,-,,
OTU6389,2.47869,-,,
OTU501,2.72771,-,,
OTU1345,2.75485,-,,
OTU2759,2.64574,-,,
OTU483,2.48626,-,,
OTU1752,2.53237,-,,
OTURare1,5.58914,Natural,4.76872,1.98E-06